period_in_session,subject,assessment,report_core,q
33,12,57,BB,6/10
34,12,38,OB,6/10
35,12,57,BB,6/10
36,12,60,BB,6/10
37,12,54,BB,6/10
38,12,60,BO,6/10
39,12,56,BB,6/10
41,12,60,BO,6/10
43,12,64,OO,6/10
44,12,58,BB,6/10
45,12,60,OO,6/10
46,12,48,BB,6/10
47,12,20,OB,6/10
48,12,62,BB,6/10
49,12,60,BB,8/10
50,12,55,BB,8/10
51,12,56,BB,8/10
52,12,60,OO,8/10
53,12,55,BB,8/10
54,12,52,BB,8/10
55,12,53,BB,8/10
56,12,51,BB,8/10
59,12,54,BB,8/10
60,12,40,BB,8/10
61,12,57,BB,8/10
62,12,53,BB,8/10
63,12,50,BO,8/10
64,12,57,BB,8/10
33,13,50,BO,6/10
34,13,40,BB,6/10
35,13,50,BO,6/10
36,13,58,BO,6/10
37,13,60,BB,6/10
38,13,40,BO,6/10
39,13,50,OO,6/10
40,13,63,BB,6/10
41,13,50,BB,6/10
42,13,30,BO,6/10
43,13,50,OO,6/10
44,13,66,OO,6/10
45,13,65,OO,6/10
46,13,15,BO,6/10
47,13,60,BB,6/10
48,13,50,BB,6/10
50,13,70,BB,8/10
51,13,65,BB,8/10
52,13,25,BO,8/10
53,13,65,BB,8/10
54,13,60,BB,8/10
56,13,65,BB,8/10
57,13,20,OB,8/10
58,13,65,BB,8/10
59,13,66,BB,8/10
60,13,68,BB,8/10
61,13,65,BB,8/10
62,13,15,BO,8/10
63,13,50,BO,8/10
64,13,30,BB,8/10
33,14,65,BB,6/10
34,14,65,BB,6/10
35,14,65,BB,6/10
36,14,64,BB,6/10
37,14,90,OO,6/10
38,14,64,BB,6/10
39,14,20,BB,6/10
40,14,64,BB,6/10
41,14,64,BB,6/10
42,14,64,BO,6/10
43,14,64,BB,6/10
44,14,80,OO,6/10
45,14,0,BO,6/10
46,14,64,BB,6/10
47,14,64,BB,6/10
48,14,0,BO,6/10
49,14,64,BB,8/10
50,14,64,BB,8/10
51,14,0,BB,8/10
52,14,0,BO,8/10
53,14,64,BB,8/10
54,14,64,BB,8/10
55,14,64,BB,8/10
57,14,64,BB,8/10
58,14,64,BB,8/10
59,14,0,BO,8/10
60,14,64,BB,8/10
61,14,64,BB,8/10
62,14,0,OB,8/10
63,14,64,BB,8/10
64,14,64,BB,8/10
34,15,52,BB,6/10
35,15,50,BB,6/10
36,15,66,BB,6/10
38,15,70,OO,6/10
39,15,20,BO,6/10
40,15,66,OO,6/10
41,15,21,BO,6/10
42,15,68,BB,6/10
43,15,1,OB,6/10
44,15,60,BB,6/10
45,15,70,OO,6/10
46,15,62,BB,6/10
47,15,70,BB,6/10
48,15,25,BO,6/10
49,15,60,BB,8/10
50,15,33,BO,8/10
51,15,60,BB,8/10
52,15,70,BB,8/10
53,15,66,BB,8/10
54,15,33,BO,8/10
55,15,33,BO,8/10
56,15,66,BB,8/10
57,15,66,BB,8/10
58,15,69,BB,8/10
59,15,66,BB,8/10
61,15,66,BB,8/10
62,15,66,BB,8/10
63,15,66,BB,8/10
64,15,66,BB,8/10
33,16,44,BO,6/10
34,16,44,BO,6/10
35,16,74,OO,6/10
36,16,80,BB,6/10
37,16,80,BB,6/10
38,16,70,OO,6/10
39,16,80,BB,6/10
40,16,77,BB,6/10
41,16,70,OO,6/10
42,16,77,BB,6/10
43,16,70,OO,6/10
44,16,70,OO,6/10
45,16,0,OB,6/10
46,16,70,OO,6/10
48,16,15,BO,6/10
49,16,15,BO,8/10
50,16,15,BO,8/10
51,16,15,BO,8/10
52,16,78,BB,8/10
53,16,15,BO,8/10
54,16,15,BO,8/10
55,16,80,BB,8/10
56,16,80,BB,8/10
57,16,15,BO,8/10
58,16,80,BB,8/10
59,16,80,BB,8/10
60,16,15,BO,8/10
61,16,80,BB,8/10
62,16,80,BB,8/10
63,16,78,BB,8/10
64,16,0,OB,8/10
33,17,50,OO,6/10
34,17,50,BB,6/10
35,17,50,BB,6/10
36,17,50,OB,6/10
37,17,50,BB,6/10
38,17,50,BB,6/10
39,17,50,BO,6/10
40,17,50,BB,6/10
41,17,50,BB,6/10
42,17,50,BO,6/10
43,17,50,BO,6/10
44,17,50,BB,6/10
45,17,50,BB,6/10
46,17,50,OB,6/10
47,17,50,BO,6/10
48,17,50,BB,6/10
49,17,50,BB,8/10
50,17,50,BO,8/10
51,17,50,BB,8/10
52,17,50,BB,8/10
53,17,50,BB,8/10
54,17,50,BB,8/10
55,17,50,BB,8/10
56,17,50,BB,8/10
57,17,50,BO,8/10
58,17,50,BB,8/10
60,17,50,BB,8/10
61,17,50,OB,8/10
62,17,50,BB,8/10
63,17,50,OB,8/10
33,18,15.13,BO,6/10
35,18,72.34999999999999,BB,6/10
36,18,81,BB,6/10
37,18,74.18000000000001,OO,6/10
38,18,78.5,BB,6/10
40,18,74.86,BB,6/10
41,18,.57,OB,6/10
42,18,83.62,BB,6/10
43,18,68.59999999999999,BB,6/10
44,18,22.53,BO,6/10
45,18,77.7,BB,6/10
46,18,74.18000000000001,BB,6/10
47,18,64.73,BB,6/10
48,18,60.03,OO,6/10
49,18,20.01,BO,8/10
50,18,80.04000000000001,BB,8/10
51,18,74.40000000000001,BB,8/10
52,18,77.59,BB,8/10
53,18,77.93000000000001,BB,8/10
54,18,66.89,OO,8/10
55,18,77.7,BB,8/10
56,18,80.04000000000001,BB,8/10
57,18,20.01,BO,8/10
58,18,78.16,BB,8/10
59,18,20.01,BO,8/10
60,18,78.95,BB,8/10
61,18,80.04000000000001,BB,8/10
62,18,80.04000000000001,BB,8/10
64,18,80.04000000000001,BB,8/10
33,19,50,OO,6/10
34,19,43,OB,6/10
35,19,72,BB,6/10
36,19,70,BB,6/10
37,19,25,OB,6/10
38,19,70,BB,6/10
39,19,68,OO,6/10
40,19,72,OO,6/10
41,19,73,BB,6/10
42,19,40,BO,6/10
43,19,69,BB,6/10
44,19,75,BB,6/10
45,19,25,BO,6/10
46,19,30,BO,6/10
47,19,67,BB,6/10
48,19,66,BB,6/10
49,19,60,BB,8/10
50,19,50,BB,8/10
51,19,50,BB,8/10
53,19,50,BB,8/10
55,19,25,BO,8/10
56,19,25,BO,8/10
57,19,50,BB,8/10
58,19,50,BB,8/10
59,19,60,BB,8/10
60,19,50,BB,8/10
61,19,70,BB,8/10
62,19,20,BO,8/10
63,19,25,BO,8/10
64,19,50,BB,8/10
33,20,60,BB,6/10
34,20,45,BB,6/10
36,20,33,BB,6/10
37,20,25,BB,6/10
39,20,40,BB,6/10
40,20,50,OO,6/10
41,20,50,BB,6/10
42,20,33,BO,6/10
43,20,33,BB,6/10
45,20,30,OB,6/10
46,20,55,BO,6/10
47,20,45,BO,6/10
48,20,50,OO,6/10
49,20,65,BB,8/10
50,20,70,BB,8/10
52,20,60,BB,8/10
53,20,55,BB,8/10
54,20,45,BB,8/10
55,20,60,BB,8/10
56,20,33,OO,8/10
57,20,60,BB,8/10
58,20,70,BB,8/10
59,20,45,OB,8/10
60,20,75,OO,8/10
62,20,55,BB,8/10
63,20,75,BB,8/10
64,20,80,BB,8/10
33,21,65,BB,6/10
34,21,1,OB,6/10
35,21,65,BB,6/10
37,21,66,OO,6/10
38,21,65,BB,6/10
39,21,65,BB,6/10
40,21,65,BB,6/10
41,21,66,OO,6/10
42,21,66,OO,6/10
43,21,50,BO,6/10
44,21,50,BO,6/10
45,21,50,BO,6/10
46,21,65,BB,6/10
47,21,65,BB,6/10
48,21,65,BB,6/10
49,21,0,BO,8/10
51,21,50,BB,8/10
52,21,50,BB,8/10
54,21,50,BB,8/10
55,21,1,OB,8/10
56,21,50,BB,8/10
57,21,55,BB,8/10
58,21,50,BB,8/10
59,21,1,OB,8/10
60,21,50,BB,8/10
61,21,50,BB,8/10
63,21,1,OB,8/10
64,21,35,BB,8/10
33,22,40,BO,6/10
34,22,55,BB,6/10
35,22,40,BO,6/10
36,22,45,OO,6/10
37,22,45,OO,6/10
38,22,55,BB,6/10
39,22,40,BO,6/10
40,22,55,BB,6/10
42,22,40,BO,6/10
44,22,55,BB,6/10
47,22,55,BB,6/10
49,22,55,BB,8/10
50,22,55,BB,8/10
51,22,55,BB,8/10
52,22,55,BB,8/10
53,22,30,OB,8/10
54,22,55,BB,8/10
55,22,55,BB,8/10
56,22,55,BB,8/10
57,22,55,BB,8/10
58,22,55,BB,8/10
59,22,55,BB,8/10
60,22,55,BB,8/10
61,22,55,BB,8/10
62,22,55,BB,8/10
63,22,55,BB,8/10
64,22,55,BB,8/10
33,35,54,BB,8/10
34,35,47,BO,8/10
35,35,48,BB,8/10
36,35,47.5,BO,8/10
37,35,47.5,BB,8/10
38,35,47.5,BO,8/10
39,35,52,BB,8/10
40,35,0,OB,8/10
41,35,52.5,BB,8/10
42,35,48,BO,8/10
43,35,52.5,BB,8/10
44,35,53,BB,8/10
45,35,52.5,BB,8/10
46,35,66.59999999999999,OO,8/10
47,35,52.5,BB,8/10
48,35,52.5,BB,8/10
49,35,47.5,BB,6/10
50,35,53,BO,6/10
51,35,53,BO,6/10
52,35,53,BO,6/10
53,35,47.5,BB,6/10
54,35,55,BO,6/10
55,35,53,BO,6/10
56,35,47.5,BB,6/10
57,35,47.5,BB,6/10
58,35,47.5,BB,6/10
59,35,47.5,BB,6/10
60,35,53,BO,6/10
61,35,53,BO,6/10
62,35,66.59999999999999,OO,6/10
63,35,47.5,BB,6/10
64,35,53,BO,6/10
33,36,70,BB,8/10
34,36,35,BO,8/10
35,36,40,BO,8/10
36,36,65,BB,8/10
37,36,75.31,BB,8/10
38,36,70,BB,8/10
39,36,60,BB,8/10
40,36,70,BB,8/10
41,36,63,BB,8/10
42,36,35,BO,8/10
43,36,30,OB,8/10
44,36,60,BO,8/10
45,36,75,BB,8/10
46,36,70,BB,8/10
47,36,80,BB,8/10
48,36,80,BB,8/10
49,36,35,BB,6/10
50,36,25,BO,6/10
51,36,70,OO,6/10
52,36,30,BO,6/10
53,36,20,BO,6/10
54,36,25,BB,6/10
55,36,30,BO,6/10
56,36,70,BB,6/10
57,36,75,BB,6/10
58,36,65,BO,6/10
59,36,72,OO,6/10
60,36,60,BB,6/10
61,36,60,BO,6/10
62,36,70,BB,6/10
63,36,75,BB,6/10
64,36,30,BO,6/10
33,37,65,OB,8/10
34,37,35,OB,8/10
35,37,40,OB,8/10
36,37,72,BB,8/10
37,37,25,OO,8/10
38,37,62,BB,8/10
39,37,28,BB,8/10
40,37,60,BB,8/10
41,37,15,OB,8/10
42,37,20,OB,8/10
43,37,75,BB,8/10
44,37,71,BB,8/10
45,37,71,BB,8/10
46,37,68,BB,8/10
47,37,71,BB,8/10
48,37,71,BB,8/10
49,37,60,OO,6/10
50,37,60,BB,6/10
51,37,40,OB,6/10
52,37,50,BB,6/10
53,37,50,BB,6/10
54,37,35,BO,6/10
55,37,49.49,BB,6/10
56,37,50,BB,6/10
57,37,70,OO,6/10
58,37,50,BB,6/10
59,37,20,OB,6/10
60,37,50,BB,6/10
61,37,10,OB,6/10
62,37,75,OO,6/10
63,37,15,BO,6/10
64,37,15,BO,6/10
33,38,74.63,BB,8/10
34,38,49.26,BB,8/10
35,38,50.28,BO,8/10
36,38,25.03,BO,8/10
37,38,52.22,BB,8/10
38,38,50.17,BB,8/10
39,38,2.05,OB,8/10
40,38,41.52,BO,8/10
41,38,48.01,BO,8/10
42,38,58.13,BB,8/10
43,38,53.81,BB,8/10
44,38,45.16,BB,8/10
45,38,.46,OB,8/10
46,38,56.43,BB,8/10
47,38,37.32,BB,8/10
48,38,38.23,BB,8/10
49,38,54.84,BO,6/10
50,38,67.01000000000001,BO,6/10
51,38,52.56,BO,6/10
52,38,61.21,BB,6/10
53,38,28.1,BB,6/10
54,38,39.25,BB,6/10
55,38,46.08,BB,6/10
56,38,58.82,BB,6/10
57,38,80.09,OO,6/10
58,38,.46,OB,6/10
59,38,51.54,BB,6/10
60,38,48.69,BB,6/10
61,38,26.96,BO,6/10
62,38,.57,OB,6/10
63,38,46.99,BB,6/10
64,38,77.13,OO,6/10
33,39,50,BB,8/10
34,39,45,BB,8/10
35,39,60,BB,8/10
36,39,78,BB,8/10
37,39,51.05,BB,8/10
38,39,62,BB,8/10
39,39,69,BO,8/10
40,39,50,BB,8/10
41,39,62,BB,8/10
42,39,50,BO,8/10
43,39,50,BB,8/10
44,39,86,OO,8/10
45,39,90,OO,8/10
46,39,70,OO,8/10
47,39,40,OO,8/10
48,39,0,OB,8/10
49,39,50,BB,6/10
50,39,60,BB,6/10
51,39,78,OO,6/10
52,39,70,BB,6/10
53,39,80,OO,6/10
54,39,69,BB,6/10
55,39,56,BB,6/10
56,39,20,BO,6/10
57,39,37,BB,6/10
58,39,25,BB,6/10
59,39,0,OB,6/10
60,39,0,OB,6/10
61,39,50,BB,6/10
62,39,30,BO,6/10
63,39,32,BO,6/10
64,39,55.5,BB,6/10
33,40,65,BB,8/10
34,40,65,BB,8/10
35,40,70,BB,8/10
36,40,70,BB,8/10
37,40,70,BB,8/10
38,40,70,BB,8/10
39,40,70,BB,8/10
40,40,70,BB,8/10
41,40,70,BB,8/10
42,40,69.84999999999999,BB,8/10
43,40,10,BO,8/10
44,40,70,BB,8/10
45,40,70,BB,8/10
46,40,0,OB,8/10
47,40,70,BB,8/10
48,40,70,BB,8/10
49,40,65,BB,6/10
50,40,70,BB,6/10
51,40,65,BB,6/10
52,40,20,BO,6/10
53,40,20,BO,6/10
54,40,70,OO,6/10
55,40,69,BB,6/10
56,40,70,BB,6/10
57,40,70,BB,6/10
58,40,70,BB,6/10
59,40,70,BB,6/10
60,40,0,OB,6/10
61,40,0,OB,6/10
62,40,40,BO,6/10
63,40,70,BB,6/10
64,40,70,OO,6/10
33,41,0,OB,8/10
34,41,33.3,BB,8/10
35,41,40,BB,8/10
36,41,35,BB,8/10
37,41,35,BB,8/10
38,41,65,BB,8/10
39,41,.6,BB,8/10
40,41,45,BB,8/10
41,41,55,BB,8/10
42,41,50,BB,8/10
43,41,35,BO,8/10
44,41,35,BO,8/10
45,41,52,BB,8/10
46,41,51,BB,8/10
47,41,50,BB,8/10
48,41,50,BB,8/10
49,41,47,BB,6/10
50,41,35,BB,6/10
51,41,66.7,OO,6/10
52,41,50,BB,6/10
53,41,70,OO,6/10
54,41,49,BO,6/10
55,41,49,BO,6/10
56,41,49,BO,6/10
57,41,50,BB,6/10
58,41,50,BB,6/10
59,41,0,OB,6/10
60,41,50,BO,6/10
61,41,50,BB,6/10
62,41,70,OO,6/10
63,41,50,BB,6/10
64,41,55,OO,6/10
33,42,65,BB,8/10
34,42,65.19,BB,8/10
35,42,58,BB,8/10
36,42,55,BB,8/10
37,42,30,BO,8/10
38,42,50,BB,8/10
39,42,48,BB,8/10
40,42,49,BB,8/10
41,42,38,BB,8/10
42,42,45,BB,8/10
43,42,42,BB,8/10
44,42,36,BB,8/10
45,42,65,BB,8/10
46,42,66,BB,8/10
47,42,0,OB,8/10
48,42,66,BB,8/10
49,42,32,BO,6/10
50,42,33,BO,6/10
51,42,56,BB,6/10
52,42,60,BB,6/10
53,42,68,BB,6/10
54,42,68,BB,6/10
55,42,50,BB,6/10
56,42,25,BO,6/10
57,42,50,BB,6/10
58,42,50,BB,6/10
59,42,50,BB,6/10
60,42,40,BB,6/10
61,42,50,BB,6/10
62,42,60,OO,6/10
63,42,50,BB,6/10
64,42,0,OB,6/10
33,43,0,OB,8/10
34,43,20.01,BO,8/10
35,43,66,OO,8/10
36,43,46.19,BB,8/10
37,43,44.37,BB,8/10
38,43,48.24,BB,8/10
39,43,50,BB,8/10
40,43,42.09,BB,8/10
41,43,40.61,BB,8/10
42,43,43.69,BB,8/10
43,43,44.71,BB,8/10
44,43,0,OB,8/10
45,43,49.15,BB,8/10
46,43,43.23,BB,8/10
47,43,0,OB,8/10
48,43,43.8,BB,8/10
49,43,45.39,BB,6/10
50,43,45.51,BB,6/10
51,43,46.76,BB,6/10
52,43,17.29,BO,6/10
53,43,48.24,BB,6/10
54,43,45.51,BB,6/10
55,43,0,OB,6/10
56,43,41.41,BO,6/10
57,43,45.73,BB,6/10
58,43,44.37,BB,6/10
59,43,63.37,OO,6/10
60,43,48.12,BB,6/10
61,43,47.33,BB,6/10
62,43,47.33,BB,6/10
63,43,0,OB,6/10
64,43,49.94,BB,6/10
33,44,63,BB,8/10
34,44,72,OO,8/10
35,44,56,BB,8/10
36,44,45,BB,8/10
37,44,45,BB,8/10
38,44,40,BB,8/10
39,44,30,BB,8/10
40,44,35,BB,8/10
41,44,27,BB,8/10
42,44,30,BO,8/10
43,44,35,BB,8/10
44,44,42,BB,8/10
45,44,44,BB,8/10
46,44,40,BB,8/10
47,44,30,BB,8/10
48,44,35,BB,8/10
49,44,45,BO,6/10
50,44,57,BB,6/10
51,44,54,BB,6/10
52,44,60,BB,6/10
53,44,40,BB,6/10
54,44,0,OB,6/10
55,44,35,BO,6/10
56,44,40,BB,6/10
57,44,44,BB,6/10
58,44,25,BO,6/10
59,44,38,BB,6/10
60,44,78,OO,6/10
61,44,54,BB,6/10
62,44,55,BB,6/10
63,44,40,BB,6/10
64,44,40,BB,6/10
33,45,20,BO,8/10
34,45,66,BB,8/10
35,45,66,BB,8/10
36,45,60,BB,8/10
37,45,60,BB,8/10
38,45,42,BB,8/10
39,45,63,BB,8/10
40,45,63,BB,8/10
41,45,7,BO,8/10
42,45,66,OO,8/10
43,45,80,OO,8/10
44,45,12,BO,8/10
45,45,56,BB,8/10
46,45,63,BB,8/10
47,45,63.94,BB,8/10
48,45,12,OB,8/10
49,45,66,OO,6/10
50,45,5,OB,6/10
51,45,51,BB,6/10
52,45,5,BO,6/10
53,45,51,BB,6/10
54,45,60,BB,6/10
55,45,6,OB,6/10
56,45,59,OO,6/10
57,45,60,OO,6/10
58,45,10,BO,6/10
59,45,10,BO,6/10
60,45,66,BB,6/10
61,45,63,OO,6/10
62,45,71,BB,6/10
63,45,0,OB,6/10
64,45,14,BO,6/10
33,46,50,BB,8/10
34,46,50,BB,8/10
35,46,75,BB,8/10
36,46,0,OB,8/10
37,46,0,OB,8/10
38,46,50,BB,8/10
39,46,0,BO,8/10
40,46,75,BB,8/10
41,46,0,OB,8/10
42,46,75,BB,8/10
43,46,75,BB,8/10
44,46,66,OO,8/10
45,46,66,OO,8/10
46,46,0,OB,8/10
47,46,75,BB,8/10
48,46,0,BO,8/10
49,46,50,BB,6/10
50,46,0,OB,6/10
51,46,0,OB,6/10
52,46,50,BB,6/10
53,46,0,BO,6/10
54,46,66,BB,6/10
55,46,66,BB,6/10
56,46,66,BB,6/10
57,46,0,BO,6/10
58,46,66,OO,6/10
59,46,66,BB,6/10
60,46,0,BO,6/10
61,46,0,OB,6/10
62,46,50,BB,6/10
63,46,66,OO,6/10
64,46,0,BO,6/10
33,105,43,BO,6/10
34,105,60.03,BB,6/10
35,105,50,BO,6/10
36,105,60.03,BB,6/10
37,105,60.03,BB,6/10
38,105,49.99,BO,6/10
39,105,50.03,BB,6/10
40,105,75,OO,6/10
41,105,60.03,OO,6/10
42,105,55.03,BB,6/10
43,105,50.03,BB,6/10
44,105,50.03,OO,6/10
45,105,45.02,BO,6/10
46,105,55.03,BB,6/10
47,105,43.99,BO,6/10
48,105,69,OO,6/10
49,105,0,OB,8/10
50,105,52.56,BB,8/10
51,105,60.03,BB,8/10
52,105,53.03,BB,8/10
53,105,0,OB,8/10
54,105,52.56,BB,8/10
55,105,48.65,BB,8/10
56,105,50.03,BB,8/10
57,105,56,BB,8/10
58,105,55.03,BB,8/10
59,105,55,BO,8/10
60,105,55.03,BB,8/10
61,105,49.03,BB,8/10
62,105,52.56,BB,8/10
63,105,52.56,BB,8/10
64,105,50.03,BB,8/10
33,106,66.66,BB,6/10
34,106,66.66,OO,6/10
35,106,20,BO,6/10
36,106,66.66,OO,6/10
37,106,58,BB,6/10
38,106,58,BB,6/10
39,106,58,BB,6/10
40,106,0,OB,6/10
41,106,20,BO,6/10
42,106,20,BO,6/10
43,106,66.66,OO,6/10
44,106,58,BB,6/10
45,106,58,BB,6/10
46,106,20,BO,6/10
47,106,58,BB,6/10
48,106,58,BB,6/10
49,106,20,BO,8/10
50,106,20,BO,8/10
51,106,58,BB,8/10
52,106,30,BO,8/10
53,106,30,BO,8/10
54,106,58,BB,8/10
55,106,58,BB,8/10
56,106,30,BO,8/10
57,106,50,BB,8/10
58,106,50,BB,8/10
59,106,50,BB,8/10
60,106,50,BB,8/10
61,106,50,BB,8/10
62,106,50,BB,8/10
63,106,50,BB,8/10
64,106,50,BB,8/10
33,107,40,BB,6/10
34,107,40,BO,6/10
35,107,40,BB,6/10
36,107,40,OO,6/10
37,107,40,BO,6/10
38,107,40,BB,6/10
39,107,40,BB,6/10
40,107,40,OO,6/10
41,107,40,OB,6/10
42,107,40,BB,6/10
43,107,40,BO,6/10
44,107,40,OO,6/10
45,107,40,OB,6/10
46,107,40,BB,6/10
47,107,40,OB,6/10
48,107,40,BB,6/10
49,107,40,BB,8/10
50,107,40,BB,8/10
51,107,40,BB,8/10
52,107,40,BB,8/10
53,107,40,BB,8/10
54,107,40,BB,8/10
55,107,40,BB,8/10
56,107,40,BB,8/10
57,107,40,BB,8/10
58,107,40,BB,8/10
59,107,40,BB,8/10
60,107,40,BB,8/10
61,107,40,BB,8/10
62,107,40,BB,8/10
63,107,40,OB,8/10
64,107,40,BB,8/10
33,108,25.03,BO,6/10
34,108,21.39,BO,6/10
35,108,14.9,OO,6/10
36,108,42.55,BO,6/10
37,108,31.29,BO,6/10
38,108,44.48,BB,6/10
39,108,46.08,BB,6/10
40,108,41.64,BB,6/10
41,108,46.3,BB,6/10
42,108,44.6,BB,6/10
43,108,54.49,BB,6/10
44,108,0,BB,6/10
45,108,30.6,OO,6/10
46,108,36.41,BB,6/10
47,108,24.69,OO,6/10
48,108,33.22,BB,6/10
49,108,39.14,BB,8/10
50,108,35.15,BB,8/10
51,108,32.99,BB,8/10
52,108,34.13,BB,8/10
53,108,46.19,BO,8/10
54,108,38.45,BB,8/10
55,108,44.48,BB,8/10
56,108,32.08,BB,8/10
57,108,0,OO,8/10
58,108,34.81,BO,8/10
59,108,15.47,BO,8/10
60,108,35.95,BB,8/10
61,108,28.67,BB,8/10
62,108,15.7,BO,8/10
63,108,14.68,BO,8/10
64,108,15.02,BO,8/10
33,109,80,OO,6/10
34,109,80,OO,6/10
35,109,10,BO,6/10
36,109,80,BB,6/10
37,109,10,BO,6/10
38,109,29,OB,6/10
39,109,29,BO,6/10
40,109,29,BO,6/10
41,109,80,BB,6/10
42,109,15,OB,6/10
43,109,15,BO,6/10
44,109,80,BB,6/10
45,109,80,BB,6/10
46,109,29,OB,6/10
47,109,80,OO,6/10
48,109,80,BB,6/10
49,109,80,BB,8/10
50,109,80,BB,8/10
51,109,80,BB,8/10
52,109,80,BB,8/10
53,109,80,BB,8/10
54,109,80,BB,8/10
55,109,80,BB,8/10
56,109,80,BB,8/10
57,109,80,BB,8/10
58,109,80,BB,8/10
59,109,29,BO,8/10
60,109,29,OB,8/10
61,109,29,BO,8/10
62,109,80,BB,8/10
63,109,80,BB,8/10
64,109,80,BB,8/10
33,110,40,BO,6/10
34,110,50,BO,6/10
35,110,40,BB,6/10
36,110,35,BB,6/10
37,110,40,BB,6/10
38,110,50,BO,6/10
39,110,40,BB,6/10
40,110,50,BB,6/10
41,110,55,BO,6/10
42,110,30,BO,6/10
43,110,50,BB,6/10
44,110,50,BB,6/10
45,110,50,BB,6/10
46,110,50,BB,6/10
47,110,50,BB,6/10
48,110,50,OO,6/10
49,110,40,BO,8/10
50,110,50,BB,8/10
51,110,50,BB,8/10
52,110,70,BB,8/10
53,110,40,BB,8/10
54,110,30,BB,8/10
55,110,65,BO,8/10
56,110,50,BB,8/10
57,110,40,OO,8/10
58,110,30,BB,8/10
59,110,30,OB,8/10
60,110,30,BB,8/10
61,110,50,BB,8/10
62,110,40,BO,8/10
63,110,30,BB,8/10
64,110,50,BB,8/10
33,111,40.02,BO,6/10
34,111,50,BB,6/10
35,111,45,BO,6/10
36,111,70,OO,6/10
37,111,50,BB,6/10
38,111,55,BB,6/10
39,111,55,BB,6/10
40,111,50,BB,6/10
41,111,0,OB,6/10
42,111,55,BB,6/10
43,111,50,BB,6/10
44,111,55,BB,6/10
45,111,0,BO,6/10
46,111,50,BB,6/10
47,111,50,BB,6/10
48,111,40,BO,6/10
49,111,55,BB,8/10
50,111,50,BB,8/10
51,111,50,BB,8/10
52,111,0,OB,8/10
53,111,50,BB,8/10
54,111,50,BB,8/10
55,111,50,BB,8/10
56,111,55,BB,8/10
57,111,55,BB,8/10
58,111,0,OB,8/10
59,111,50,BB,8/10
60,111,50,BB,8/10
61,111,50,BB,8/10
62,111,48,BB,8/10
63,111,48,BB,8/10
64,111,48,BB,8/10
33,112,87,BB,6/10
34,112,62,BB,6/10
35,112,59,BB,6/10
36,112,56,OO,6/10
37,112,46,BO,6/10
38,112,73,BB,6/10
39,112,76,BB,6/10
40,112,46,BO,6/10
41,112,44,BO,6/10
42,112,44,BO,6/10
43,112,67,OO,6/10
44,112,42,BO,6/10
45,112,71,BB,6/10
46,112,67,BB,6/10
47,112,68,BB,6/10
48,112,41,BO,6/10
49,112,39,BO,8/10
50,112,46,OB,8/10
51,112,42,OB,8/10
52,112,71,BB,8/10
53,112,83,BB,8/10
54,112,83,BB,8/10
55,112,45,BO,8/10
56,112,41,BO,8/10
57,112,57,BO,8/10
58,112,79,BB,8/10
59,112,82,BB,8/10
60,112,41,BO,8/10
61,112,83,BB,8/10
62,112,38,BO,8/10
63,112,87,BB,8/10
64,112,43,BO,8/10
33,113,50,BB,6/10
34,113,50,BB,6/10
35,113,50,BO,6/10
36,113,50,BB,6/10
37,113,50,BB,6/10
38,113,50,BB,6/10
39,113,50,BB,6/10
40,113,50,BB,6/10
41,113,66.66,BO,6/10
42,113,50,BB,6/10
43,113,66.66,OO,6/10
44,113,50,BB,6/10
45,113,50,BB,6/10
46,113,50,BB,6/10
47,113,50,BB,6/10
48,113,66.66,OO,6/10
49,113,50,BO,8/10
50,113,50,BB,8/10
51,113,50,BB,8/10
52,113,50,BB,8/10
53,113,50,BB,8/10
54,113,50,BB,8/10
55,113,50,BB,8/10
56,113,50,BB,8/10
57,113,50,BB,8/10
58,113,50,BB,8/10
59,113,50,BB,8/10
60,113,50,BB,8/10
61,113,50,BO,8/10
62,113,50,BB,8/10
63,113,50,BO,8/10
64,113,66.66,OO,8/10
33,114,66,BB,6/10
34,114,33,BB,6/10
35,114,33,BO,6/10
36,114,33,BB,6/10
37,114,33,BO,6/10
38,114,33,BB,6/10
39,114,33,OO,6/10
40,114,33,OB,6/10
41,114,33,BO,6/10
42,114,33,BB,6/10
43,114,33,BB,6/10
44,114,33,OO,6/10
45,114,33,BB,6/10
46,114,33,OO,6/10
47,114,33,OO,6/10
48,114,33,BB,6/10
49,114,33,BB,8/10
50,114,33,BB,8/10
51,114,66,BB,8/10
52,114,66,BB,8/10
53,114,66,BB,8/10
54,114,66,BB,8/10
55,114,66,BB,8/10
56,114,33,BB,8/10
57,114,33,BB,8/10
58,114,33,BB,8/10
59,114,33,BO,8/10
60,114,66,BB,8/10
61,114,66,BB,8/10
62,114,33,BB,8/10
63,114,66,BB,8/10
64,114,33,BB,8/10
33,115,60,BB,6/10
34,115,40,OO,6/10
35,115,25,BO,6/10
36,115,60,BB,6/10
37,115,60,BB,6/10
38,115,60,BB,6/10
39,115,30,OB,6/10
40,115,60,BB,6/10
41,115,20,BO,6/10
42,115,60,BB,6/10
43,115,59,BB,6/10
44,115,60,BB,6/10
45,115,20,BO,6/10
46,115,50,OO,6/10
47,115,20,BO,6/10
48,115,20,BO,6/10
49,115,80,BB,8/10
50,115,78,BB,8/10
51,115,78,BB,8/10
52,115,15,BO,8/10
53,115,78,BB,8/10
54,115,78,BB,8/10
55,115,78,BB,8/10
56,115,40,OB,8/10
57,115,78,BB,8/10
58,115,78,BB,8/10
59,115,78,BB,8/10
60,115,70,BB,8/10
61,115,70,BB,8/10
62,115,40,OB,8/10
63,115,78,BB,8/10
64,115,78,BB,8/10
33,116,60,OB,6/10
34,116,40,BO,6/10
35,116,65,BB,6/10
36,116,50,OO,6/10
37,116,50,BO,6/10
38,116,50,OB,6/10
39,116,40,BO,6/10
40,116,30,OO,6/10
41,116,60,BO,6/10
42,116,30,OO,6/10
43,116,20,BO,6/10
44,116,20,BO,6/10
45,116,60,BB,6/10
46,116,60,BB,6/10
47,116,60,BB,6/10
48,116,30,OO,6/10
49,116,75,BB,8/10
50,116,10,BO,8/10
51,116,30,BO,8/10
52,116,10,OO,8/10
53,116,75,BB,8/10
54,116,60,BB,8/10
55,116,60,BB,8/10
56,116,60,BB,8/10
57,116,65,BB,8/10
58,116,50,BB,8/10
59,116,30,BO,8/10
60,116,50,BB,8/10
61,116,30,BO,8/10
62,116,30,BO,8/10
63,116,55,BB,8/10
64,116,55,BB,8/10
33,153,42.32,BB,8/10
34,153,40.05,BB,8/10
35,153,40,BB,8/10
36,153,31.4,BO,8/10
37,153,39.93,OO,8/10
38,153,40.27,BB,8/10
39,153,41.07,OB,8/10
40,153,42.21,BB,8/10
41,153,33.33,BB,8/10
42,153,34.7,BB,8/10
43,153,37.32,BB,8/10
44,153,36.63,BB,8/10
45,153,34.93,BB,8/10
46,153,32.76,BB,8/10
47,153,30.72,OB,8/10
48,153,37.09,BB,8/10
49,153,31.06,BO,6/10
50,153,30.15,BB,6/10
51,153,35.49,BO,6/10
52,153,35,BB,6/10
53,153,35,BB,6/10
54,153,35,BB,6/10
55,153,35,BB,6/10
56,153,35,BB,6/10
57,153,30,OO,6/10
58,153,35,OO,6/10
59,153,0,BO,6/10
60,153,35,BB,6/10
61,153,35,BO,6/10
62,153,35,BB,6/10
63,153,35,BO,6/10
64,153,37,BB,6/10
33,154,66,BB,8/10
34,154,15,BO,8/10
35,154,60,BB,8/10
36,154,10,OB,8/10
37,154,55,OO,8/10
38,154,60,BB,8/10
39,154,50,BO,8/10
40,154,60,BB,8/10
41,154,60,BB,8/10
42,154,60,BB,8/10
43,154,55,BB,8/10
44,154,75,OO,8/10
45,154,50,BB,8/10
46,154,50,BB,8/10
47,154,15,OB,8/10
48,154,50,BB,8/10
49,154,30,BB,6/10
50,154,40,OO,6/10
51,154,25,BO,6/10
52,154,25,BO,6/10
53,154,40,OO,6/10
54,154,30,BB,6/10
55,154,40,OO,6/10
56,154,20,BO,6/10
57,154,40,OB,6/10
58,154,30,BB,6/10
59,154,40,OO,6/10
60,154,25,BB,6/10
61,154,20,BB,6/10
62,154,20,BB,6/10
63,154,20,BB,6/10
64,154,25,BB,6/10
33,155,15,BO,8/10
34,155,65,BB,8/10
35,155,53,OB,8/10
36,155,65,BB,8/10
37,155,64,BB,8/10
38,155,46,BO,8/10
39,155,38,OB,8/10
40,155,35,BO,8/10
41,155,62,BB,8/10
42,155,46,OB,8/10
43,155,65,BB,8/10
44,155,68,OO,8/10
45,155,56,OO,8/10
46,155,40,BO,8/10
47,155,60,BB,8/10
48,155,45,BO,8/10
49,155,53,BO,6/10
50,155,62,BB,6/10
51,155,42,BO,6/10
52,155,65,BB,6/10
53,155,50,BO,6/10
54,155,60,BB,6/10
55,155,56,BO,6/10
56,155,63,OO,6/10
57,155,65,BB,6/10
58,155,65,BB,6/10
59,155,50,BO,6/10
60,155,58,OO,6/10
61,155,68,BB,6/10
62,155,72,BB,6/10
63,155,68,BB,6/10
64,155,53,BO,6/10
33,156,13,BO,8/10
34,156,44,BB,8/10
35,156,0,OB,8/10
36,156,44,BB,8/10
37,156,44.4,BB,8/10
38,156,44.4,BB,8/10
39,156,66.59999999999999,OO,8/10
40,156,44.4,BB,8/10
41,156,44.4,BB,8/10
42,156,44.4,BB,8/10
43,156,13,BO,8/10
44,156,17,BO,8/10
45,156,44.4,BB,8/10
46,156,0,OB,8/10
47,156,50,BB,8/10
48,156,0,OB,8/10
49,156,50,BB,6/10
50,156,50,BO,6/10
51,156,44,BO,6/10
52,156,0,OB,6/10
53,156,44,BO,6/10
54,156,44,BO,6/10
55,156,44,BO,6/10
56,156,50,BB,6/10
57,156,44,BB,6/10
58,156,44,BB,6/10
59,156,44.4,BB,6/10
60,156,44.4,BB,6/10
61,156,0,OB,6/10
62,156,44,BO,6/10
63,156,66.66,OO,6/10
64,156,44.44,BB,6/10
33,157,15,BB,8/10
34,157,15,BB,8/10
35,157,20,OO,8/10
36,157,35,BB,8/10
37,157,35,BB,8/10
38,157,40,BB,8/10
39,157,40,BB,8/10
40,157,35,BO,8/10
41,157,40,BB,8/10
42,157,40,OO,8/10
43,157,40,BO,8/10
44,157,40,BB,8/10
45,157,40,BB,8/10
46,157,40,BB,8/10
47,157,40,OO,8/10
48,157,45,BB,8/10
49,157,40,BB,6/10
50,157,35,BO,6/10
51,157,40,BO,6/10
52,157,35,BB,6/10
53,157,40,BB,6/10
54,157,40,BB,6/10
55,157,40,BO,6/10
56,157,40,BO,6/10
57,157,40,BO,6/10
58,157,40,BO,6/10
59,157,40,OO,6/10
60,157,40,BB,6/10
61,157,40,BO,6/10
62,157,40,BB,6/10
63,157,40,BO,6/10
64,157,40,BB,6/10
33,158,49.83,BO,8/10
34,158,50.97,BO,8/10
35,158,73.27,BB,8/10
36,158,73.95,BB,8/10
37,158,66.09999999999999,BB,8/10
38,158,75.31,BB,8/10
39,158,75.2,BB,8/10
40,158,0,OB,8/10
41,158,66.78,OO,8/10
42,158,75.09,BB,8/10
43,158,75.65000000000001,BB,8/10
44,158,75.54000000000001,BB,8/10
45,158,50.63,BO,8/10
46,158,66.44,OO,8/10
47,158,75.2,BB,8/10
48,158,66.67,OO,8/10
49,158,38.34,BO,6/10
50,158,65.76000000000001,BB,6/10
51,158,61.66,BB,6/10
52,158,40.27,BO,6/10
53,158,66.33,OO,6/10
54,158,66.55,OO,6/10
55,158,61.43,BB,6/10
56,158,40.05,BO,6/10
57,158,61.09,BB,6/10
58,158,62.46,BB,6/10
59,158,61.77,BB,6/10
60,158,60.41,BB,6/10
61,158,60.41,BB,6/10
62,158,40.84,BO,6/10
63,158,40.5,BO,6/10
64,158,60.07,BB,6/10
33,159,75,BB,8/10
34,159,75,BB,8/10
35,159,13.08,BO,8/10
36,159,62.91,BB,8/10
37,159,75,BB,8/10
38,159,75,BB,8/10
39,159,40.02,BB,8/10
40,159,0,OB,8/10
41,159,50,BB,8/10
42,159,75,BB,8/10
43,159,75,BB,8/10
44,159,50.17,BB,8/10
45,159,75,BB,8/10
46,159,30,BB,8/10
47,159,50,BB,8/10
48,159,0,OB,8/10
49,159,0,OB,6/10
50,159,75,BB,6/10
51,159,14.45,BO,6/10
52,159,0,OB,6/10
53,159,75,BB,6/10
54,159,40.02,BB,6/10
55,159,0,OB,6/10
56,159,52.1,BB,6/10
57,159,75,BB,6/10
58,159,0,OB,6/10
59,159,20.93,BB,6/10
60,159,50,BB,6/10
61,159,30.72,BB,6/10
62,159,75,BB,6/10
63,159,30,BO,6/10
64,159,75,BB,6/10
33,160,70,BB,8/10
34,160,25,BO,8/10
35,160,70,OO,8/10
36,160,70,BB,8/10
37,160,75,BB,8/10
38,160,75,BB,8/10
39,160,25,BO,8/10
40,160,25,BO,8/10
41,160,70,BB,8/10
42,160,70,BB,8/10
43,160,70,BB,8/10
44,160,25,BO,8/10
45,160,68,BB,8/10
46,160,75,OO,8/10
47,160,65,BB,8/10
48,160,65,BB,8/10
49,160,70,BB,6/10
50,160,70,BB,6/10
51,160,70,BB,6/10
52,160,72,BB,6/10
53,160,20,BO,6/10
54,160,67,BB,6/10
55,160,68,BB,6/10
56,160,68,BB,6/10
57,160,5,OB,6/10
58,160,20,BO,6/10
59,160,66,BB,6/10
60,160,20,BO,6/10
61,160,25,BO,6/10
62,160,67,BB,6/10
63,160,25,BO,6/10
64,160,25,BO,6/10
33,161,53.92,BB,8/10
34,161,52.9,BB,8/10
35,161,49.6,BB,8/10
36,161,48.12,BB,8/10
37,161,48.69,BB,8/10
38,161,48.69,BB,8/10
39,161,53.36,BB,8/10
40,161,50.17,BB,8/10
41,161,49.72,BB,8/10
42,161,55.18,BB,8/10
43,161,20.01,BO,8/10
44,161,23.21,BO,8/10
45,161,15.93,OO,8/10
46,161,69.51000000000001,OB,8/10
47,161,3.19,BO,8/10
48,161,49.15,BB,8/10
49,161,40.02,BO,6/10
50,161,40.02,BB,6/10
51,161,36.86,OO,6/10
52,161,36.75,BB,6/10
53,161,38,BB,6/10
54,161,40.02,BB,6/10
55,161,40.02,BB,6/10
56,161,33.45,BB,6/10
57,161,0,BB,6/10
58,161,40.02,BO,6/10
59,161,48.81,BB,6/10
60,161,47.33,BB,6/10
61,161,41.07,BO,6/10
62,161,40.02,BB,6/10
63,161,41.18,BO,6/10
64,161,71.56,OB,6/10
33,162,40,BB,8/10
34,162,10,BO,8/10
35,162,0,BO,8/10
36,162,40,BB,8/10
37,162,40,BB,8/10
38,162,56,BO,8/10
39,162,60,BO,8/10
40,162,40,BB,8/10
41,162,40,BB,8/10
42,162,40,BB,8/10
43,162,0,OB,8/10
44,162,10,BO,8/10
45,162,10,BO,8/10
46,162,40,BB,8/10
47,162,73,BB,8/10
48,162,74,BB,8/10
49,162,76,BB,6/10
50,162,76,BB,6/10
51,162,40,OO,6/10
52,162,76,BB,6/10
53,162,75,BB,6/10
54,162,20,BO,6/10
55,162,75,BB,6/10
56,162,75,BB,6/10
57,162,75,BB,6/10
58,162,73,BB,6/10
59,162,73,BB,6/10
60,162,73,BB,6/10
61,162,20,BO,6/10
62,162,73,BB,6/10
63,162,40,OO,6/10
64,162,0,BB,6/10
33,163,40,BB,8/10
34,163,100,OO,8/10
35,163,50,BB,8/10
36,163,50,BB,8/10
37,163,50,BB,8/10
38,163,50,BB,8/10
39,163,50,BB,8/10
40,163,50,BB,8/10
41,163,80,BO,8/10
42,163,50,BB,8/10
43,163,60.03,BB,8/10
44,163,50.85,BB,8/10
45,163,50,BB,8/10
46,163,50,BB,8/10
47,163,100,OO,8/10
48,163,50,BB,8/10
49,163,0,OB,6/10
50,163,50,BB,6/10
51,163,65,OO,6/10
52,163,50,BO,6/10
53,163,50,BB,6/10
54,163,70,OO,6/10
55,163,50,BB,6/10
56,163,50,BB,6/10
57,163,50,BO,6/10
58,163,50,BO,6/10
59,163,51.99,BO,6/10
60,163,68.7,BB,6/10
61,163,50,BB,6/10
62,163,60.03,BB,6/10
63,163,50,BO,6/10
64,163,50,BB,6/10
33,164,65,BB,8/10
34,164,65,BB,8/10
35,164,65,BB,8/10
36,164,65,OO,8/10
37,164,65,BB,8/10
38,164,1,BO,8/10
39,164,65,BB,8/10
40,164,65,BB,8/10
41,164,1,OB,8/10
42,164,65,BB,8/10
43,164,65,BB,8/10
44,164,65,BB,8/10
45,164,65,BB,8/10
46,164,0,OB,8/10
47,164,65,BB,8/10
48,164,65,BB,8/10
49,164,65,BB,6/10
50,164,65,BB,6/10
51,164,0,BO,6/10
52,164,65,OO,6/10
53,164,30,BO,6/10
54,164,65,BB,6/10
55,164,65,BB,6/10
56,164,65,BB,6/10
57,164,0,OB,6/10
58,164,30,BO,6/10
59,164,65,BB,6/10
60,164,30,BO,6/10
61,164,65,BB,6/10
62,164,30,BO,6/10
63,164,65,BB,6/10
64,164,30,BO,6/10
